hazard	title	url	source_hint	status	priority	task_angle
临时用电/外电防护	长清济南经济开发区雨污分流改造项目“10.9”一般触电事故调查报告	https://www.safehoo.com/Case/Case/Electric/202606/5808837.shtml	长清区应急管理局	benchmark_added	高	市政雨污分流改造吊装作业接近输电线路，测试外电防护和吊装复合风险
外电防护/脚手架	重庆酉阳资远建设工程有限公司“10·4”一般触电事故调查报告	https://www.safehoo.com/Case/Case/Electric/202606/5809132.shtml	重庆市应急管理局	benchmark_added	高	脚手架作业平台与10kV高压线距离不足，测试外电安全距离和隔离防护
装修临时用电	黄岛区“8·25”北京侨信装饰工程有限公司一般触电事故调查报告	https://www.safehoo.com/Case/Case/Electric/202605/5806963.shtml	青岛市应急管理局	benchmark_added	高	室内精装修吊顶内带电接线、无证电工作业、未断电验电
外电防护/吊装	辽宁众翔建设有限公司“10·14”一般触电事故调查报告	https://www.safehoo.com/Case/Case/Electric/202502/5763602.shtml	海原县应急管理局	benchmark_added	高	临时废料堆放场吊装作业碰触10kV线路，测试外电与起重交叉风险
装修临时用电	黄岛区“7·15”青岛平枝源装饰工程有限公司一般触电事故调查报告	https://www.safehoo.com/Case/Case/Electric/202605/5806734.shtml	青岛市应急管理局	benchmark_added	高	装修/新风安装夜间接线、无漏保、无证低压电工作业
装修临时用电	胶州青岛富居祥和装饰工程有限公司“7·16”一般触电事故调查报告	https://www.safehoo.com/Case/Case/Electric/202605/5806372.shtml	青岛市应急管理局	benchmark_added	高	装修后设备检修，未断电且无绝缘防护，无特种作业操作证
装修临时用电	光明新湖太阳公寓装修工程“6·20”一般触电事故调查报告	https://www.safehoo.com/Case/Case/Electric/202605/5805554.shtml	深圳市应急管理局	benchmark_added	高	小散装修工程触电，测试临时用电管理和隐患排查
装修临时用电	光明康佳光明科技中心A座602-1办公室装修工程“4·20”一般触电事故调查报告	https://www.safehoo.com/Case/Case/Electric/202605/5805550.shtml	深圳市应急管理局	benchmark_added	高	办公室装修吊顶接电，测试断电验电、持证电工和临电方案
装修临时用电	关于大浪街道佳利工业区三栋一楼装修工程“8·25”触电死亡事故的调查报告	https://www.safehoo.com/Case/Case/Electric/202604/5805449.shtml	深圳市应急管理局	benchmark_added	高	地面敷设临时导线无漏保、无地线且无防机械损伤措施
施工临时用电/焊接	黄岛区“9·14”青岛三杨起重机械有限公司一般触电事故调查报告	https://www.safehoo.com/Case/Case/Electric/202605/5806962.shtml	青岛市应急管理局	benchmark_added	中高	升降平台安装、电焊作业和临时用电设备检查
电力施工触电	重庆渝龙电力开发有限责任公司“6·13”触电事故调查报告	https://www.safehoo.com/Case/Case/Electric/202606/5809305.shtml	重庆市应急管理局	benchmark_added	中高	换杆换线作业未取得停电作业票，测试停电许可、监护和高处复合风险
外电防护/吊装	武隆白马“8·6”一般触电事故调查报告	https://www.safehoo.com/Case/Case/Electric/202606/5809563.shtml	武隆区应急局	benchmark_added	中高	高压线下方车载起重设备吊装，测试最小安全距离和作业许可
市政运维触电	崂山普民环保科技有限公司“6·6”一般触电事故调查报告	https://www.safehoo.com/Case/Case/Electric/202605/5807143.shtml	青岛市应急管理局	agent_stress_candidate	中	污水泵站阀门井废弃供电线路裸露，适合证据不足和有限空间复合风险压力测试
机电维保触电	西湖三墩西湖大学机电维保项目“3·27”一般触电事故调查报告	https://www.safehoo.com/Case/Case/Electric/202605/5806549.shtml	西湖区应急管理局	review	中	机电维保项目触电，需进一步核对是否属于建筑施工临时用电
普通生产触电	黄岛贝卡尔特（青岛）钢丝产品有限公司“10·15”一般触电事故调查报告	https://www.safehoo.com/Case/Case/Electric/202605/5806476.shtml	青岛市应急管理局	review	中	生产线风机/插座触电，施工属性弱，暂不进benchmark
工业用电触电	平度“8.8”一般触电事故调查报告	https://www.safehoo.com/Case/Case/Electric/202605/5805894.shtml	青岛市应急管理局	review	中	电磁吸盘线路修理触电，施工属性弱，适合普通用电安全对照
装修/自建房触电	深圳市深汕特别合作区鲘门镇百安村自建房“8·14”一般触电事故防范整改措施和责任追究落实情况的评估报告	https://www.safehoo.com/Case/Case/Electric/202605/5805544.shtml	深圳市应急管理局	review	中	整改评估而非原始调查报告，可用于追溯原始自建房事故报告
餐饮用电触电	关于民治街道东头村左乌右羊羊肉串店“6·20”一般触电死亡事故的调查报告	https://www.safehoo.com/Case/Case/Electric/202604/5805453.shtml	深圳市应急管理局	existing_case	低	已在案例69，非施工场景，仅保留作对照
整改评估	胶州青岛富居祥和装饰工程有限公司“7·16”一般触电事故防范整改措施落实情况评估报告	https://www.safehoo.com/Case/Case/Electric/202605/5806460.shtml	青岛市应急管理局	exclude	低	对应案例82的整改评估，不单独成案
整改评估	黄岛青岛东方影都文化旅游管理有限公司“8·22”一般触电事故责任追究和整改措施落实情况评估报告	https://www.safehoo.com/Case/Case/Electric/202605/5806482.shtml	青岛市应急管理局	exclude	低	整改评估，非原始事故报告
维保/照明触电	黄岛青岛东方影都文化旅游管理有限公司“8·22”一般触电事故调查报告	https://www.safehoo.com/Case/Case/Electric/202605/5806491.shtml	青岛市应急管理局	review	中	商场/剧院照明维修触电，施工属性需人工复核
娱乐设施用电	黄岛区“3·22”青岛华兴富洲旅游管理有限公司一般触电事故调查报告	https://www.safehoo.com/Case/Case/Electric/202605/5806727.shtml	青岛市应急管理局	review	低	海鲜池/经营场所触电，非施工场景
配电/机电触电	坪山龙田某工业区25号厂房“7·22”一般触电事故调查报告	https://www.safehoo.com/Case/Case/Electric/202605/5805561.shtml	深圳市应急管理局	review	中	工业厂房触电，需进一步确认施工/装修属性
整改评估	光明区马田街道佳速隆金属制品有限公司“6·29”触电死亡事故整改措施落实情况“回头看”评估报告	https://www.safehoo.com/Case/Case/Electric/202605/5805746.shtml	深圳市应急管理局	exclude	低	整改措施评估，非原始调查报告
